               epoch,      train/box_loss,      train/obj_loss,      train/cls_loss,   metrics/precision,      metrics/recall,     metrics/mAP_0.5,metrics/mAP_0.5:0.95,        val/box_loss,        val/obj_loss,        val/cls_loss,               x/lr0,               x/lr1,               x/lr2
                   0,            0.070986,            0.025681,            0.019941,             0.48897,             0.64141,             0.60454,             0.32422,            0.036901,           0.0073911,            0.006422,            0.070167,           0.0033148,           0.0033148
                   1,            0.048956,            0.018054,            0.010057,              0.4089,             0.61582,             0.49477,             0.24957,            0.037283,           0.0064223,           0.0042589,            0.040134,           0.0066152,           0.0066152
                   2,            0.045587,             0.01642,           0.0087317,             0.58848,             0.57683,             0.57606,             0.34119,            0.031149,           0.0067842,           0.0072001,            0.010068,           0.0098827,           0.0098827
                   3,            0.041223,            0.016365,           0.0081998,             0.70533,             0.70678,             0.72906,             0.42845,            0.027506,           0.0066949,           0.0039456,           0.0098515,           0.0098515,           0.0098515
                   4,            0.038619,            0.016432,           0.0079422,             0.78668,             0.70425,             0.76428,             0.45191,            0.027639,           0.0065914,           0.0033904,           0.0098515,           0.0098515,           0.0098515
                   5,             0.03693,            0.015744,           0.0069031,             0.74874,             0.70723,              0.7632,             0.47921,            0.025396,           0.0067487,           0.0035392,            0.009802,            0.009802,            0.009802
                   6,            0.035096,            0.015644,           0.0067737,             0.76052,             0.74483,             0.78635,             0.49703,            0.025219,           0.0064118,           0.0027845,           0.0097525,           0.0097525,           0.0097525
                   7,            0.033616,            0.015328,           0.0061836,              0.8643,             0.73632,             0.83735,             0.53714,            0.025017,           0.0060953,           0.0031304,            0.009703,            0.009703,            0.009703
                   8,            0.033352,            0.015065,            0.005886,             0.78594,             0.78042,             0.82332,             0.52746,             0.02459,           0.0061821,           0.0025734,           0.0096535,           0.0096535,           0.0096535
                   9,            0.032568,            0.014642,           0.0057025,             0.80189,             0.76986,             0.83291,             0.55652,            0.022608,           0.0059107,           0.0027479,            0.009604,            0.009604,            0.009604
                  10,             0.03206,             0.01472,           0.0054353,             0.72387,             0.82509,             0.81255,             0.55658,            0.022505,           0.0059223,            0.002543,           0.0095545,           0.0095545,           0.0095545
                  11,            0.031152,            0.014458,           0.0055173,             0.79536,              0.7714,             0.83792,             0.56504,            0.021347,           0.0056969,           0.0027955,            0.009505,            0.009505,            0.009505
                  12,            0.030292,            0.013938,           0.0049475,              0.8499,             0.77065,              0.8721,             0.60794,            0.020556,           0.0054646,           0.0031172,           0.0094555,           0.0094555,           0.0094555
                  13,            0.029554,            0.013957,           0.0049158,             0.78462,             0.80459,             0.83735,             0.57786,            0.020744,           0.0058565,           0.0022723,            0.009406,            0.009406,            0.009406
                  14,            0.029496,            0.013847,           0.0048464,             0.78845,             0.80508,             0.83434,             0.58959,            0.020156,           0.0056824,           0.0025101,           0.0093565,           0.0093565,           0.0093565
                  15,            0.029426,            0.013625,           0.0053405,             0.77734,             0.79078,             0.80033,             0.56501,            0.020584,           0.0058838,           0.0025704,            0.009307,            0.009307,            0.009307
                  16,            0.028676,            0.013666,            0.004282,             0.82776,             0.77775,             0.85141,             0.59103,            0.020611,           0.0055864,           0.0038494,           0.0092575,           0.0092575,           0.0092575
                  17,            0.028131,            0.013512,            0.004899,             0.86208,             0.76479,             0.86795,             0.61728,             0.01983,           0.0054787,           0.0025031,            0.009208,            0.009208,            0.009208
                  18,            0.028013,            0.013487,           0.0039618,             0.79753,             0.83599,             0.85582,             0.61175,            0.019912,           0.0053559,           0.0025681,           0.0091585,           0.0091585,           0.0091585
                  19,            0.027721,            0.013365,           0.0044377,             0.78167,             0.82479,             0.84726,             0.62185,            0.019821,           0.0055394,           0.0023202,            0.009109,            0.009109,            0.009109
                  20,             0.02736,            0.013071,           0.0037719,             0.84028,             0.78987,             0.87748,              0.6307,             0.01927,           0.0053269,           0.0023373,           0.0090595,           0.0090595,           0.0090595
                  21,            0.027099,            0.012672,           0.0036034,             0.75589,             0.84099,             0.82292,             0.61235,            0.018294,           0.0055373,           0.0024339,             0.00901,             0.00901,             0.00901
                  22,            0.026467,            0.012892,           0.0041071,             0.83432,             0.80238,             0.87017,             0.64455,            0.018825,           0.0051984,           0.0025961,           0.0089605,           0.0089605,           0.0089605
                  23,            0.026147,            0.012654,           0.0038982,             0.78408,             0.79578,             0.85479,             0.61587,            0.019777,           0.0055957,            0.003244,            0.008911,            0.008911,            0.008911
                  24,            0.026781,            0.012855,           0.0040651,             0.90263,             0.77906,             0.88827,              0.6443,            0.019006,           0.0052561,           0.0031635,           0.0088615,           0.0088615,           0.0088615
                  25,            0.026236,            0.012465,            0.003902,             0.78152,             0.83245,             0.86894,             0.65027,            0.017974,            0.005338,           0.0020804,            0.008812,            0.008812,            0.008812
                  26,             0.02562,            0.012167,           0.0033635,              0.8158,             0.80846,             0.87031,             0.63863,            0.018129,           0.0052558,            0.002482,           0.0087625,           0.0087625,           0.0087625
                  27,            0.025494,            0.012373,           0.0042328,             0.83182,             0.79125,              0.8656,             0.64274,            0.018838,           0.0052843,           0.0025715,            0.008713,            0.008713,            0.008713
                  28,            0.025467,            0.012529,            0.003341,             0.79933,              0.8229,             0.86713,             0.64242,            0.018091,           0.0051772,           0.0021002,           0.0086635,           0.0086635,           0.0086635
                  29,            0.025591,            0.012511,           0.0037896,             0.82149,             0.79589,             0.86761,             0.63522,            0.018598,           0.0055364,           0.0021263,            0.008614,            0.008614,            0.008614
                  30,            0.025287,            0.012266,           0.0031604,             0.80331,             0.82964,             0.87219,             0.65005,            0.018201,           0.0052084,           0.0019973,           0.0085645,           0.0085645,           0.0085645
                  31,             0.02579,            0.012407,           0.0034271,             0.76705,             0.84999,             0.85522,             0.64798,            0.018085,           0.0054327,           0.0021278,            0.008515,            0.008515,            0.008515
                  32,            0.025221,            0.012527,           0.0033825,             0.80428,             0.84308,             0.88824,             0.66635,            0.017263,           0.0050707,           0.0019869,           0.0084655,           0.0084655,           0.0084655
                  33,            0.025057,            0.012143,           0.0034695,             0.81892,             0.81769,             0.86643,             0.65678,            0.018364,           0.0051065,           0.0023769,            0.008416,            0.008416,            0.008416
                  34,            0.025314,            0.012313,           0.0032422,             0.78747,             0.86343,             0.86357,             0.66006,            0.017738,           0.0051132,           0.0021734,           0.0083665,           0.0083665,           0.0083665
                  35,            0.024138,            0.012179,           0.0033766,             0.81497,              0.8126,             0.86363,             0.65341,            0.017459,           0.0051063,            0.002542,            0.008317,            0.008317,            0.008317
                  36,            0.024732,            0.012102,           0.0036133,             0.84051,             0.81506,             0.88301,             0.66063,            0.018145,            0.005082,           0.0025459,           0.0082675,           0.0082675,           0.0082675
                  37,            0.024888,            0.012194,            0.003897,             0.79208,             0.84608,             0.87426,             0.66125,            0.017555,            0.005093,           0.0024467,            0.008218,            0.008218,            0.008218
                  38,            0.024637,            0.012196,           0.0033826,              0.8142,             0.80416,             0.86119,             0.66012,            0.017831,           0.0051297,           0.0025765,           0.0081685,           0.0081685,           0.0081685
                  39,            0.024326,            0.012108,             0.00327,             0.81858,              0.8155,             0.87042,             0.66357,            0.017621,           0.0050873,             0.00234,            0.008119,            0.008119,            0.008119
                  40,            0.023638,            0.011584,           0.0030329,             0.85138,             0.82007,             0.89088,             0.68082,            0.017152,           0.0048336,           0.0024335,           0.0080695,           0.0080695,           0.0080695
                  41,             0.02359,            0.011602,           0.0035237,             0.79519,             0.84571,             0.87577,             0.66965,            0.017389,           0.0051618,           0.0025857,             0.00802,             0.00802,             0.00802
                  42,            0.024421,             0.01171,           0.0031263,             0.85685,             0.82272,             0.89171,             0.68595,            0.016942,           0.0048995,           0.0022315,           0.0079705,           0.0079705,           0.0079705
                  43,            0.023778,            0.011685,           0.0026362,             0.80157,             0.82896,             0.87435,             0.66326,            0.017245,           0.0053178,           0.0023489,            0.007921,            0.007921,            0.007921
                  44,            0.023775,            0.011449,           0.0034994,              0.7933,             0.84508,             0.86503,             0.66778,            0.017023,           0.0051305,           0.0022465,           0.0078715,           0.0078715,           0.0078715
                  45,              0.0238,            0.011671,           0.0036685,             0.88706,             0.76486,             0.88431,             0.68315,            0.017215,           0.0050845,           0.0022379,            0.007822,            0.007822,            0.007822
                  46,            0.023097,            0.011495,           0.0025678,             0.85187,             0.80787,             0.88375,             0.67164,            0.017101,           0.0050924,           0.0028554,           0.0077725,           0.0077725,           0.0077725
                  47,            0.023454,             0.01161,           0.0030074,             0.79642,             0.84141,             0.87489,             0.67321,             0.01683,           0.0050551,           0.0021633,            0.007723,            0.007723,            0.007723
                  48,            0.023262,            0.011246,           0.0028609,             0.89914,             0.80911,             0.90299,             0.69484,            0.016954,           0.0048745,           0.0021404,           0.0076735,           0.0076735,           0.0076735
                  49,            0.023261,            0.011238,           0.0029003,             0.82397,             0.83772,             0.89767,              0.6923,            0.017179,           0.0050337,           0.0024052,            0.007624,            0.007624,            0.007624
                  50,             0.02318,            0.011326,            0.002711,             0.81962,             0.83619,             0.88177,             0.67639,             0.01739,           0.0048424,           0.0024123,           0.0075745,           0.0075745,           0.0075745
                  51,            0.022702,            0.011148,           0.0026042,             0.86281,             0.82221,             0.88733,             0.69256,             0.01659,            0.005011,           0.0023919,            0.007525,            0.007525,            0.007525
                  52,            0.022507,            0.010923,           0.0026312,             0.85414,             0.81789,             0.87985,              0.6872,            0.016714,           0.0047822,           0.0023552,           0.0074755,           0.0074755,           0.0074755
                  53,            0.022929,            0.010781,           0.0031068,             0.78748,             0.85937,              0.8753,             0.67468,            0.016522,           0.0050448,           0.0020468,            0.007426,            0.007426,            0.007426
                  54,             0.02248,            0.010896,           0.0027362,             0.77385,             0.84252,             0.87603,             0.66301,             0.01665,           0.0052616,           0.0024074,           0.0073765,           0.0073765,           0.0073765
                  55,            0.021896,            0.010895,           0.0030028,             0.84712,              0.8216,             0.89039,             0.69647,            0.016453,           0.0048987,           0.0026813,            0.007327,            0.007327,            0.007327
                  56,            0.022686,            0.011211,            0.002635,             0.84781,             0.82818,              0.8909,             0.69536,            0.016531,           0.0048522,           0.0020982,           0.0072775,           0.0072775,           0.0072775
                  57,            0.022798,            0.010907,            0.003088,             0.86796,             0.81167,             0.88629,               0.693,            0.016164,           0.0047132,           0.0026369,            0.007228,            0.007228,            0.007228
                  58,            0.022347,            0.010906,            0.003101,             0.85101,             0.85479,             0.90006,             0.69948,            0.016259,           0.0048142,           0.0022232,           0.0071785,           0.0071785,           0.0071785
                  59,            0.022048,            0.010975,           0.0026213,             0.82708,             0.84148,             0.88475,             0.70574,            0.015604,           0.0048725,           0.0021283,            0.007129,            0.007129,            0.007129
                  60,            0.022256,            0.010957,           0.0027228,             0.87389,             0.78369,             0.88532,             0.69871,            0.016258,           0.0048568,           0.0023682,           0.0070795,           0.0070795,           0.0070795
                  61,            0.021979,            0.010886,           0.0024215,             0.85763,             0.83719,             0.89729,              0.7029,            0.016119,           0.0047983,           0.0022017,             0.00703,             0.00703,             0.00703
                  62,            0.021857,            0.010741,            0.002462,             0.81145,             0.85588,             0.87868,             0.68465,             0.01611,           0.0050188,           0.0022305,           0.0069805,           0.0069805,           0.0069805
                  63,            0.022165,            0.010944,           0.0024186,             0.82369,              0.8585,             0.88673,             0.69803,            0.016707,           0.0049781,           0.0027193,            0.006931,            0.006931,            0.006931
                  64,            0.021508,            0.010872,           0.0023287,             0.83906,             0.85017,             0.89459,              0.7016,            0.015937,            0.004863,           0.0021563,           0.0068815,           0.0068815,           0.0068815
                  65,            0.021832,            0.010985,           0.0025408,             0.85155,             0.83975,             0.90618,             0.70691,             0.01585,           0.0048321,            0.002338,            0.006832,            0.006832,            0.006832
                  66,            0.021304,             0.01067,           0.0020809,             0.82682,             0.82924,             0.88603,             0.70233,            0.015778,            0.004891,            0.002143,           0.0067825,           0.0067825,           0.0067825
                  67,             0.02198,            0.010992,           0.0024058,             0.78823,             0.87481,             0.87995,             0.69945,            0.016116,           0.0050151,           0.0018909,            0.006733,            0.006733,            0.006733
                  68,            0.021395,            0.010559,           0.0021902,             0.84224,             0.86109,             0.89051,             0.70816,              0.0157,           0.0047576,           0.0025284,           0.0066835,           0.0066835,           0.0066835
                  69,            0.021793,            0.010678,           0.0026396,              0.8224,              0.8485,             0.88991,              0.7052,            0.015777,           0.0048957,           0.0023187,            0.006634,            0.006634,            0.006634
                  70,            0.021039,            0.010458,           0.0023465,             0.87833,              0.8299,             0.90634,               0.719,            0.015749,           0.0046428,           0.0018692,           0.0065845,           0.0065845,           0.0065845
                  71,            0.020996,            0.010525,           0.0021148,             0.81593,             0.82649,             0.88134,             0.70506,            0.015878,           0.0047739,             0.00251,            0.006535,            0.006535,            0.006535
                  72,            0.021174,            0.010568,           0.0025935,             0.86489,             0.79393,              0.8857,             0.70909,            0.015399,           0.0047835,           0.0027921,           0.0064855,           0.0064855,           0.0064855
                  73,            0.020956,            0.010657,            0.002004,             0.83394,             0.85377,             0.89409,              0.7134,            0.015494,           0.0047448,           0.0026156,            0.006436,            0.006436,            0.006436
                  74,            0.021244,            0.010324,           0.0020188,              0.8578,             0.81396,             0.88675,             0.70844,            0.015104,           0.0046842,           0.0024181,           0.0063865,           0.0063865,           0.0063865
                  75,            0.021235,             0.01051,            0.002315,             0.82387,             0.83559,             0.87783,             0.70037,            0.015662,           0.0047651,           0.0028116,            0.006337,            0.006337,            0.006337
                  76,             0.02123,            0.010661,           0.0023851,             0.85656,             0.81169,             0.89981,             0.71323,            0.015488,           0.0046571,           0.0027734,           0.0062875,           0.0062875,           0.0062875
                  77,            0.020766,            0.010294,           0.0024784,             0.87265,             0.84814,             0.91046,             0.72858,            0.015501,           0.0046028,           0.0025192,            0.006238,            0.006238,            0.006238
                  78,            0.020885,            0.010091,           0.0019974,             0.88231,             0.82401,             0.90777,             0.71943,            0.015266,           0.0047185,           0.0023226,           0.0061885,           0.0061885,           0.0061885
                  79,            0.020309,           0.0099159,           0.0020386,             0.86803,             0.81259,             0.89627,             0.72012,            0.015321,           0.0046602,           0.0026353,            0.006139,            0.006139,            0.006139
                  80,            0.020575,            0.010225,           0.0020364,             0.88607,             0.79349,             0.88109,             0.70824,             0.01546,           0.0047089,           0.0025535,           0.0060895,           0.0060895,           0.0060895
                  81,            0.020412,            0.010012,           0.0020754,             0.85596,             0.80924,             0.89287,             0.71218,            0.015172,           0.0047591,           0.0023656,             0.00604,             0.00604,             0.00604
                  82,            0.020596,            0.010208,           0.0022033,             0.84097,             0.82542,             0.87908,             0.71427,            0.015325,           0.0047332,           0.0024649,           0.0059905,           0.0059905,           0.0059905
                  83,            0.020317,            0.010323,           0.0019792,             0.83914,             0.85164,             0.89501,             0.72207,            0.015187,           0.0045872,            0.002508,            0.005941,            0.005941,            0.005941
                  84,            0.020081,           0.0098936,           0.0018334,             0.85402,             0.84938,             0.89923,             0.71982,            0.015277,           0.0046309,           0.0029213,           0.0058915,           0.0058915,           0.0058915
                  85,            0.020609,            0.010114,           0.0019174,             0.90069,             0.81717,             0.90576,             0.72915,            0.014899,           0.0045348,           0.0026495,            0.005842,            0.005842,            0.005842
                  86,            0.020031,             0.01019,           0.0019696,             0.89328,             0.79793,             0.89935,             0.72331,            0.015217,           0.0046555,           0.0023515,           0.0057925,           0.0057925,           0.0057925
                  87,            0.020018,           0.0096105,           0.0018618,             0.86421,             0.83465,             0.90298,             0.72438,            0.015275,           0.0047379,           0.0024502,            0.005743,            0.005743,            0.005743
                  88,            0.020147,           0.0099392,             0.00177,             0.89555,             0.82421,              0.9073,             0.72432,            0.015332,           0.0046143,           0.0026674,           0.0056935,           0.0056935,           0.0056935
                  89,            0.019939,           0.0096853,           0.0020022,             0.86967,             0.81591,             0.88873,             0.72045,            0.015425,           0.0047603,           0.0025055,            0.005644,            0.005644,            0.005644
                  90,            0.019947,           0.0096605,           0.0019615,             0.84019,             0.86712,             0.91328,             0.73831,            0.015516,            0.004539,           0.0024053,           0.0055945,           0.0055945,           0.0055945
                  91,            0.019869,           0.0098141,           0.0020122,             0.84192,             0.85296,             0.89701,             0.71711,            0.015043,           0.0047165,           0.0025488,            0.005545,            0.005545,            0.005545
                  92,             0.01982,            0.009968,           0.0020002,             0.84931,             0.86066,             0.90386,             0.73146,            0.015167,            0.004551,           0.0022663,           0.0054955,           0.0054955,           0.0054955
                  93,            0.020091,           0.0098622,           0.0017176,             0.87808,             0.82358,             0.88995,             0.71724,            0.015067,           0.0048156,           0.0026649,            0.005446,            0.005446,            0.005446
                  94,            0.019824,           0.0097819,           0.0021356,              0.9244,             0.81844,             0.91422,             0.72898,            0.014933,           0.0046442,            0.002439,           0.0053965,           0.0053965,           0.0053965
                  95,            0.019649,            0.010029,           0.0017878,             0.87029,             0.85685,             0.90676,             0.73088,            0.015039,            0.004644,           0.0023034,            0.005347,            0.005347,            0.005347
                  96,            0.019319,            0.009847,           0.0017109,             0.84869,             0.84515,              0.8951,             0.71676,             0.01539,            0.004738,           0.0026468,           0.0052975,           0.0052975,           0.0052975
                  97,             0.01939,           0.0098614,           0.0021968,             0.90152,             0.83189,             0.90979,             0.73627,            0.014833,           0.0046458,            0.002457,            0.005248,            0.005248,            0.005248
                  98,            0.019777,           0.0096588,           0.0019606,             0.89724,             0.81556,             0.90322,             0.73178,            0.015077,           0.0046974,            0.002156,           0.0051985,           0.0051985,           0.0051985
                  99,             0.01926,            0.009752,           0.0016406,             0.87973,             0.83468,             0.89753,              0.7343,            0.014478,           0.0046757,           0.0024766,            0.005149,            0.005149,            0.005149
                 100,            0.019354,           0.0094053,           0.0016102,             0.87666,             0.85845,             0.90847,             0.73197,            0.015077,           0.0045719,           0.0025802,           0.0050995,           0.0050995,           0.0050995
                 101,            0.019282,           0.0098045,           0.0021834,             0.85228,             0.87052,             0.91124,             0.74145,            0.014324,           0.0045687,           0.0024872,             0.00505,             0.00505,             0.00505
                 102,            0.019077,           0.0097208,            0.001611,             0.91199,             0.83606,             0.91176,             0.74147,            0.014639,           0.0045029,           0.0025675,           0.0050005,           0.0050005,           0.0050005
                 103,            0.019248,           0.0096944,           0.0018036,             0.90526,             0.84043,             0.91068,             0.73951,             0.01489,           0.0045405,           0.0029648,            0.004951,            0.004951,            0.004951
                 104,             0.01899,           0.0094617,           0.0021528,             0.84098,             0.87967,              0.9088,             0.73921,            0.014573,           0.0045657,           0.0025237,           0.0049015,           0.0049015,           0.0049015
                 105,            0.019007,           0.0095184,           0.0017306,             0.85907,             0.85777,              0.9054,             0.73325,            0.014123,           0.0045445,            0.002476,            0.004852,            0.004852,            0.004852
                 106,            0.018869,            0.009719,           0.0015821,             0.84897,              0.8509,             0.89565,              0.7293,            0.014422,           0.0045967,            0.002681,           0.0048025,           0.0048025,           0.0048025
                 107,            0.018803,           0.0095145,           0.0017694,             0.88486,              0.8386,             0.90858,             0.74341,             0.01413,           0.0045306,           0.0022708,            0.004753,            0.004753,            0.004753
                 108,            0.018934,           0.0096142,           0.0014103,             0.87198,             0.84084,             0.90657,             0.73989,            0.014146,           0.0045615,           0.0023766,           0.0047035,           0.0047035,           0.0047035
                 109,            0.018886,           0.0094021,           0.0016806,             0.86581,             0.85086,             0.90739,             0.73521,            0.014241,           0.0046046,            0.002638,            0.004654,            0.004654,            0.004654
                 110,             0.01906,           0.0094398,           0.0016167,             0.91644,             0.81925,             0.90571,             0.73457,            0.014569,           0.0045086,           0.0029973,           0.0046045,           0.0046045,           0.0046045
                 111,            0.018444,           0.0091084,           0.0015688,             0.87515,             0.85171,             0.90659,             0.74314,             0.01459,           0.0045422,           0.0026516,            0.004555,            0.004555,            0.004555
                 112,            0.018703,           0.0092998,           0.0016701,             0.83864,              0.8533,             0.89882,             0.72963,            0.014462,           0.0046441,           0.0027181,           0.0045055,           0.0045055,           0.0045055
                 113,            0.018485,           0.0090665,            0.001354,             0.88778,             0.85971,             0.91433,             0.74251,            0.014647,           0.0045056,           0.0029634,            0.004456,            0.004456,            0.004456
                 114,            0.018627,           0.0093926,           0.0012585,             0.88137,             0.84687,             0.91275,             0.74748,            0.014166,           0.0045393,           0.0025938,           0.0044065,           0.0044065,           0.0044065
                 115,            0.018651,            0.009012,           0.0016184,             0.90471,             0.86365,              0.9193,             0.75113,            0.013995,           0.0044376,           0.0027041,            0.004357,            0.004357,            0.004357
                 116,            0.018775,           0.0092487,           0.0014618,             0.86563,             0.85822,             0.90821,             0.73949,            0.014253,           0.0046042,           0.0024419,           0.0043075,           0.0043075,           0.0043075
                 117,            0.018573,            0.009399,           0.0012627,             0.86366,             0.84178,             0.89781,             0.73792,            0.014094,           0.0045907,           0.0025552,            0.004258,            0.004258,            0.004258
                 118,            0.018359,           0.0089629,           0.0016872,              0.8768,             0.84925,             0.90351,             0.74069,            0.014462,           0.0046355,           0.0027146,           0.0042085,           0.0042085,           0.0042085
                 119,            0.017674,           0.0090032,           0.0013335,             0.87095,             0.85689,             0.90628,             0.74259,            0.014252,           0.0046234,           0.0026151,            0.004159,            0.004159,            0.004159
                 120,            0.018097,           0.0092655,           0.0017364,             0.90312,             0.85839,             0.91682,             0.74739,            0.014601,           0.0044815,           0.0027016,           0.0041095,           0.0041095,           0.0041095
                 121,             0.01789,           0.0088642,           0.0015663,             0.89562,             0.84307,             0.90703,             0.74417,            0.014286,           0.0044985,           0.0028715,             0.00406,             0.00406,             0.00406
                 122,            0.017995,            0.008945,           0.0013749,             0.89635,              0.8454,             0.90537,              0.7434,             0.01402,           0.0045462,           0.0029437,           0.0040105,           0.0040105,           0.0040105
                 123,            0.017969,           0.0090711,           0.0012821,             0.88833,              0.8416,             0.91084,             0.74955,            0.014391,           0.0045377,           0.0028812,            0.003961,            0.003961,            0.003961
                 124,            0.018133,           0.0089923,           0.0013479,             0.89379,             0.84713,             0.91157,             0.74695,            0.014533,           0.0045969,           0.0026667,           0.0039115,           0.0039115,           0.0039115
                 125,            0.018062,           0.0089062,           0.0011153,             0.88092,             0.86011,             0.91424,             0.75552,            0.014378,           0.0045539,           0.0026815,            0.003862,            0.003862,            0.003862
                 126,            0.018082,           0.0088413,           0.0013536,             0.88508,             0.86926,             0.91904,             0.75692,            0.014419,           0.0044561,           0.0026297,           0.0038125,           0.0038125,           0.0038125
                 127,            0.017749,           0.0089615,           0.0014301,             0.89565,             0.85637,             0.91413,             0.74948,              0.0144,           0.0044985,           0.0028559,            0.003763,            0.003763,            0.003763
                 128,            0.017794,           0.0089781,           0.0014303,               0.871,             0.86568,             0.91873,             0.75294,            0.014696,           0.0045134,           0.0026798,           0.0037135,           0.0037135,           0.0037135
                 129,            0.018083,           0.0088478,           0.0011791,             0.90357,             0.83039,             0.91136,             0.74631,            0.014436,           0.0045255,           0.0027585,            0.003664,            0.003664,            0.003664
                 130,            0.017764,           0.0089623,           0.0013411,             0.88417,             0.85251,             0.90852,             0.74709,            0.014371,           0.0045313,           0.0027789,           0.0036145,           0.0036145,           0.0036145
                 131,            0.017988,           0.0086259,           0.0016775,             0.89804,             0.84167,             0.91088,             0.75283,            0.014433,           0.0044775,           0.0029699,            0.003565,            0.003565,            0.003565
                 132,            0.017639,           0.0087187,           0.0014524,             0.90361,             0.85092,             0.91363,             0.75045,            0.014583,           0.0044842,           0.0032993,           0.0035155,           0.0035155,           0.0035155
                 133,             0.01732,           0.0083995,           0.0013199,             0.88974,             0.86256,             0.91577,             0.75241,            0.014282,           0.0044933,           0.0036107,            0.003466,            0.003466,            0.003466
                 134,            0.017257,           0.0087259,           0.0013726,             0.88697,             0.86024,             0.91638,              0.7569,            0.014179,            0.004445,           0.0032487,           0.0034165,           0.0034165,           0.0034165
                 135,            0.017535,            0.008602,            0.001261,             0.88339,             0.87017,             0.91738,             0.75592,            0.014188,           0.0045068,           0.0028798,            0.003367,            0.003367,            0.003367
                 136,            0.017128,           0.0085131,           0.0010939,             0.89101,             0.86387,             0.91307,             0.75194,            0.014061,           0.0045316,            0.002961,           0.0033175,           0.0033175,           0.0033175
                 137,            0.017497,           0.0086949,           0.0015307,             0.87841,             0.84574,             0.90501,              0.7556,            0.013911,           0.0045086,           0.0029578,            0.003268,            0.003268,            0.003268
                 138,             0.01772,           0.0088857,           0.0012881,              0.8676,             0.87819,             0.91871,             0.76167,             0.01408,           0.0044361,           0.0029202,           0.0032185,           0.0032185,           0.0032185
                 139,            0.016973,           0.0087193,           0.0012679,             0.90114,             0.84751,              0.9113,             0.76166,            0.013734,           0.0044322,           0.0027843,            0.003169,            0.003169,            0.003169
                 140,            0.016939,           0.0086334,           0.0010787,             0.88188,             0.87188,             0.90924,             0.75646,            0.013849,           0.0044489,            0.002988,           0.0031195,           0.0031195,           0.0031195
                 141,            0.017097,           0.0084475,           0.0011177,             0.89832,             0.84822,             0.90447,             0.74934,            0.014248,           0.0045206,            0.002909,             0.00307,             0.00307,             0.00307
                 142,            0.017101,           0.0083423,           0.0013944,             0.86946,             0.86177,             0.90778,             0.75264,             0.01371,           0.0045434,           0.0027753,           0.0030205,           0.0030205,           0.0030205
                 143,            0.017136,           0.0086151,           0.0010687,             0.90731,             0.83045,             0.91482,             0.75542,            0.013873,           0.0044362,           0.0029023,            0.002971,            0.002971,            0.002971
                 144,            0.016711,           0.0085311,           0.0011275,             0.89386,             0.84338,             0.91387,             0.75975,            0.013869,           0.0044144,           0.0030808,           0.0029215,           0.0029215,           0.0029215
                 145,             0.01685,           0.0082692,           0.0011508,             0.86804,             0.86906,             0.90915,             0.76093,            0.014038,           0.0044482,           0.0030436,            0.002872,            0.002872,            0.002872
                 146,            0.016984,           0.0085572,           0.0015189,             0.89237,             0.85643,              0.9129,             0.76249,            0.014003,           0.0044278,           0.0029706,           0.0028225,           0.0028225,           0.0028225
                 147,            0.016217,           0.0085455,           0.0012132,             0.88033,             0.85153,             0.91054,             0.76212,            0.013806,            0.004476,           0.0027087,            0.002773,            0.002773,            0.002773
                 148,            0.016669,           0.0084152,           0.0013438,             0.88855,             0.85339,             0.91211,             0.75868,             0.01383,           0.0044639,           0.0027983,           0.0027235,           0.0027235,           0.0027235
                 149,             0.01668,           0.0084229,           0.0013157,             0.87802,             0.88003,             0.91347,             0.76114,            0.014007,           0.0044125,           0.0031134,            0.002674,            0.002674,            0.002674
                 150,            0.016646,           0.0083902,          0.00088179,              0.8946,             0.83153,             0.90634,              0.7586,            0.014008,           0.0044597,           0.0031485,           0.0026245,           0.0026245,           0.0026245
                 151,            0.016717,           0.0082154,           0.0007365,             0.91951,              0.8333,             0.91567,             0.76318,            0.013941,           0.0044688,           0.0030506,            0.002575,            0.002575,            0.002575
                 152,            0.016377,           0.0082342,          0.00077196,             0.87068,             0.86415,             0.91289,             0.76445,            0.013913,           0.0045024,           0.0029364,           0.0025255,           0.0025255,           0.0025255
                 153,            0.017002,           0.0082905,          0.00099446,             0.89504,             0.83145,             0.91099,              0.7636,            0.013862,            0.004481,           0.0029262,            0.002476,            0.002476,            0.002476
                 154,            0.016892,           0.0083019,           0.0010481,             0.93493,              0.8185,             0.91329,              0.7652,            0.013831,           0.0044702,           0.0028584,           0.0024265,           0.0024265,           0.0024265
                 155,            0.016299,           0.0081385,          0.00095507,              0.8643,             0.87114,             0.91214,              0.7662,            0.013805,           0.0044908,           0.0028752,            0.002377,            0.002377,            0.002377
                 156,            0.016375,           0.0080978,          0.00097259,             0.85853,             0.87562,             0.90825,             0.76366,            0.013988,           0.0045581,            0.002873,           0.0023275,           0.0023275,           0.0023275
                 157,            0.016397,           0.0081126,          0.00092346,             0.86188,             0.87336,             0.90605,             0.76263,            0.014265,           0.0045493,           0.0030245,            0.002278,            0.002278,            0.002278
                 158,            0.016073,           0.0080921,          0.00080725,             0.86458,             0.86698,             0.90743,              0.7635,            0.014253,           0.0045062,           0.0027521,           0.0022285,           0.0022285,           0.0022285
                 159,            0.016463,           0.0080339,          0.00092829,             0.85596,             0.86365,             0.90595,             0.76049,            0.014097,           0.0045028,           0.0026352,            0.002179,            0.002179,            0.002179
                 160,            0.015759,           0.0078973,          0.00086031,              0.9109,             0.83012,             0.90931,             0.76254,            0.014017,           0.0044872,           0.0026205,           0.0021295,           0.0021295,           0.0021295
                 161,            0.015774,           0.0079975,          0.00084075,             0.90628,             0.82003,             0.90586,             0.75874,            0.014146,           0.0045318,           0.0025548,             0.00208,             0.00208,             0.00208
                 162,            0.016284,            0.008159,           0.0009414,             0.88127,             0.83676,             0.90482,              0.7606,            0.014206,           0.0045361,           0.0026906,           0.0020305,           0.0020305,           0.0020305
                 163,            0.015694,           0.0080342,           0.0010627,             0.87184,             0.84911,             0.90668,             0.76206,            0.014223,           0.0044998,           0.0026913,            0.001981,            0.001981,            0.001981
                 164,            0.016151,           0.0081161,          0.00092517,             0.92526,             0.81304,             0.90685,             0.76276,            0.014156,           0.0044659,           0.0027295,           0.0019315,           0.0019315,           0.0019315
                 165,            0.015809,           0.0079011,          0.00097838,             0.91086,             0.81892,             0.90933,             0.76185,             0.01398,           0.0045342,           0.0027169,            0.001882,            0.001882,            0.001882
                 166,            0.016035,           0.0079208,          0.00087194,             0.88622,             0.84178,             0.90947,             0.76589,            0.013855,           0.0045758,           0.0027495,           0.0018325,           0.0018325,           0.0018325
                 167,            0.016137,           0.0080917,           0.0010583,             0.88937,             0.83645,             0.91181,             0.76113,            0.013977,            0.004634,           0.0028819,            0.001783,            0.001783,            0.001783
                 168,            0.015545,           0.0079977,          0.00084915,             0.88241,             0.84565,             0.90835,             0.76286,            0.014017,           0.0046213,           0.0028894,           0.0017335,           0.0017335,           0.0017335
                 169,            0.015813,           0.0080018,           0.0008549,              0.8786,             0.85321,             0.90855,             0.76169,            0.013989,           0.0045823,           0.0031327,            0.001684,            0.001684,            0.001684
                 170,             0.01514,           0.0078668,          0.00076011,             0.87419,             0.85107,             0.90841,             0.75961,            0.014044,           0.0046096,           0.0033139,           0.0016345,           0.0016345,           0.0016345
                 171,            0.015288,           0.0076855,          0.00078091,             0.88911,             0.83931,             0.90915,             0.76417,            0.014131,           0.0045822,           0.0033829,            0.001585,            0.001585,            0.001585
                 172,            0.015682,           0.0077374,          0.00089596,               0.871,             0.85116,             0.90492,             0.76108,            0.014066,            0.004647,            0.003389,           0.0015355,           0.0015355,           0.0015355
                 173,            0.015508,           0.0079215,           0.0012112,             0.85384,             0.86028,             0.90496,              0.7625,            0.014073,           0.0046545,           0.0033249,            0.001486,            0.001486,            0.001486
                 174,            0.015538,           0.0079552,          0.00095472,             0.87566,             0.84547,             0.90697,             0.76486,            0.013999,           0.0046105,           0.0032236,           0.0014365,           0.0014365,           0.0014365
                 175,            0.015151,           0.0076631,          0.00089238,             0.86439,             0.86576,             0.90894,             0.76972,            0.013784,           0.0045866,           0.0030621,            0.001387,            0.001387,            0.001387
                 176,            0.015061,           0.0076732,          0.00078006,             0.85853,             0.86373,             0.90782,             0.76742,             0.01393,           0.0046154,           0.0031269,           0.0013375,           0.0013375,           0.0013375
                 177,            0.015409,            0.007686,          0.00077516,             0.85625,             0.85012,             0.90183,             0.76469,            0.013924,           0.0046869,           0.0031175,            0.001288,            0.001288,            0.001288
                 178,            0.015304,           0.0077122,          0.00089442,              0.8647,             0.85133,             0.90517,             0.76575,            0.013874,           0.0046423,           0.0031269,           0.0012385,           0.0012385,           0.0012385
                 179,            0.014905,           0.0076627,          0.00090443,             0.86447,             0.85576,             0.90882,             0.76842,            0.013846,           0.0046206,            0.002973,            0.001189,            0.001189,            0.001189
                 180,            0.014918,           0.0073551,          0.00073964,             0.87191,              0.8492,             0.90964,             0.76882,            0.013924,           0.0046318,           0.0029968,           0.0011395,           0.0011395,           0.0011395
                 181,            0.014743,           0.0076184,           0.0010082,             0.87433,              0.8468,             0.91031,              0.7708,            0.013913,           0.0046381,           0.0028974,             0.00109,             0.00109,             0.00109
                 182,            0.015098,           0.0074717,           0.0006124,             0.87605,             0.84337,             0.90937,             0.76759,             0.01391,           0.0046739,           0.0028565,           0.0010405,           0.0010405,           0.0010405
                 183,            0.015321,           0.0076433,          0.00071104,             0.85779,             0.86788,              0.9091,             0.76703,            0.013876,           0.0046855,           0.0028658,            0.000991,            0.000991,            0.000991
                 184,            0.014889,           0.0075607,          0.00087162,             0.87281,             0.86037,             0.91042,             0.76663,            0.013829,           0.0046389,            0.002951,           0.0009415,           0.0009415,           0.0009415
                 185,            0.015103,           0.0076247,           0.0006176,             0.87117,             0.86241,             0.90999,              0.7676,             0.01382,           0.0046216,           0.0029401,            0.000892,            0.000892,            0.000892
                 186,            0.014696,           0.0074165,          0.00052377,             0.87356,             0.85662,             0.91045,             0.76784,            0.013775,           0.0045956,           0.0029735,           0.0008425,           0.0008425,           0.0008425
                 187,            0.014947,           0.0074691,          0.00071395,             0.88516,             0.84951,             0.91196,             0.76901,            0.013864,           0.0045988,           0.0031378,            0.000793,            0.000793,            0.000793
                 188,            0.014543,           0.0072568,          0.00073037,             0.88579,             0.84714,             0.91303,             0.76802,            0.013959,            0.004632,           0.0032367,           0.0007435,           0.0007435,           0.0007435
                 189,            0.014676,           0.0073493,          0.00057076,             0.90299,              0.8358,             0.91333,             0.76864,            0.013997,           0.0046302,           0.0032622,            0.000694,            0.000694,            0.000694
                 190,            0.014409,            0.007304,          0.00067861,             0.90066,             0.83703,             0.91347,             0.76939,            0.013924,           0.0046074,           0.0031908,           0.0006445,           0.0006445,           0.0006445
                 191,            0.014512,           0.0074212,          0.00064321,             0.89322,              0.8416,             0.91405,             0.76996,            0.013881,           0.0045891,           0.0031683,            0.000595,            0.000595,            0.000595
                 192,            0.014114,           0.0073136,          0.00070435,             0.89237,             0.84074,             0.91406,             0.77167,            0.013902,           0.0046283,           0.0031274,           0.0005455,           0.0005455,           0.0005455
                 193,             0.01435,            0.007291,           0.0005729,             0.88531,             0.84718,             0.91318,             0.77163,            0.013961,           0.0046459,           0.0031775,            0.000496,            0.000496,            0.000496
                 194,            0.014169,           0.0072938,          0.00060253,             0.89353,             0.84257,             0.91114,             0.77207,            0.013879,           0.0046591,           0.0031541,           0.0004465,           0.0004465,           0.0004465
                 195,            0.014169,           0.0073651,          0.00053976,             0.89231,              0.8454,              0.9111,             0.77138,            0.013809,           0.0046615,            0.003134,            0.000397,            0.000397,            0.000397
                 196,            0.014638,           0.0072876,          0.00067988,              0.8797,             0.85335,             0.91063,             0.77101,            0.013804,           0.0046633,           0.0031429,           0.0003475,           0.0003475,           0.0003475
                 197,            0.014094,           0.0072449,          0.00064433,             0.87973,             0.85616,             0.91149,             0.77112,            0.013789,           0.0046618,           0.0031802,            0.000298,            0.000298,            0.000298
                 198,             0.01445,           0.0072655,          0.00067924,             0.88142,             0.85452,             0.91161,             0.77119,            0.013782,           0.0046582,           0.0032636,           0.0002485,           0.0002485,           0.0002485
                 199,            0.014712,           0.0073388,          0.00073062,              0.8836,             0.85517,             0.91199,             0.76978,            0.013764,           0.0046635,           0.0032826,            0.000199,            0.000199,            0.000199
